Player,Date
Max Shulga,3/22/26
Luka Garza,3/20/26
Luka Garza,3/18/26
Jaylen Brown,3/16/26
Jayson Tatum,3/14/26
Jaylen Brown,3/12/26
Ron Harper Jr.,3/10/26
Jaylen Brown,3/8/26
Jayson Tatum,3/6/26
Derrick White,3/4/26
Hugo Gonzalez,3/2/26
Neemias Queta,3/1/26
Nikola Vucevic,2/27/26
Derrick White,2/25/26
Baylor Scheierman,2/24/26
Payton Pritchard,2/22/26
Jaylen Brown,2/19/26
Jordan Walsh,2/11/26
Baylor Scheierman,2/8/26
Payton Pritchard,2/6/26
Ron Harper Jr.,2/4/26
Payton Pritchard,2/3/26
Jordan Walsh,2/1/26
Baylor Scheierman,1/30/26
Luka Garza,1/28/26
Jaylen Brown,1/26/26
Jaylen Brown,1/24/26
Amari Williams,1/23/26
Sam Hauser,1/21/26
Jaylen Brown,1/19/26
Sam Hauser,1/17/26
Anfernee Simons,1/15/26
Jordan Walsh,1/12/26
Baylor Scheierman,1/10/26
Payton Pritchard,1/9/26
Neemias Queta,1/7/26
Anfernee Simons,1/5/26
Jordan Walsh,1/3/26
Luka Garza,1/1/26
Derrick White,12/30/25
Derrick White,12/28/25
Payton Pritchard,12/26/25
Hugo Gonzalez,12/22/25
Hugo Gonzalez,12/20/25
Hugo Gonzalez,12/19/25
Jaylen Brown,12/15/25
Jordan Walsh,12/11/25
Derrick White,12/7/25
Jordan Walsh,12/5/25
Jordan Walsh,12/4/25
Jordan Walsh,12/2/25
Jordan Walsh,11/30/25
Neemias Queta,11/29/25
Derrick White,11/26/25
Josh Minott,11/23/25
Neemias Queta,11/21/25
Derrick White,11/18/25
Jaylen Brown,11/16/25
Luka Garza,11/12/25
Derrick White,11/11/25
Luka Garza,11/9/25
Payton Pritchard,11/7/25
Payton Pritchard,11/5/25
Jaylen Brown,11/3/25
Baylor Scheierman,11/1/25
Jaylen Brown,10/31/25
Josh Minott,10/29/25
Josh Minott,10/27/25
Jaylen Brown,10/26/25
Hugo Gonzalez,10/24/25
Derrick White,10/22/25
Luke Kornet,4/13/25
Derrick White,4/11/25
Baylor Scheierman,4/9/25
Kristaps Porzingis,4/8/25
Sam Hauser,4/6/25
Derrick White,4/4/25
Luke Kornet,4/2/25
Al Horford,3/31/25
Luke Kornet,3/29/25
Al Horford,3/26/25
Baylor Scheierman,3/24/25
Jayson Tatum,3/23/25
Derrick White,3/21/25
Baylor Scheierman,3/18/25
Luke Kornet,3/15/25
Derrick White,3/14/25
Al Horford,3/12/25
Sam Hauser,3/10/25
Jaylen Brown,3/8/25
Baylor Scheierman,3/6/25
Payton Pritchard,3/5/25
Al Horford,3/2/25
Jayson Tatum,2/28/25
Derrick White,2/26/25
Derrick White,2/25/25
Derrick White,2/23/25
Jayson Tatum,2/20/25
Derrick White,2/12/25
Payton Pritchard,2/10/25
Luke Kornet,2/8/25
Neemias Queta,2/6/25
Al Horford,2/4/25
Jaylen Brown,2/2/25
Kristaps Porzingis,1/31/25
Jaylen Brown,1/29/25
Luke Kornet,1/27/25
Derrick White,1/25/25
Kristaps Porzingis,1/23/25
Jaden Springer,1/22/25
Payton Pritchard,1/20/25
Payton Pritchard,1/18/25
Kristaps Porzingis,1/17/25
Payton Pritchard,1/15/25
Luke Kornet,1/12/25
Kristaps Porzingis,1/10/25
Jrue Holiday,1/7/25
Kristaps Porzingis,1/5/25
Luke Kornet,1/3/25
Neemias Queta,1/2/25
Derrick White,12/31/24
Jaylen Brown,12/29/24
Jayson Tatum,12/27/24
Al Horford,12/25/24
Jrue Holiday,12/23/24
Jayson Tatum,12/21/24
Derrick White,12/19/24
Luke Kornet,12/15/24
Payton Pritchard,12/12/24
Jaylen Brown,12/7/24
Jaylen Brown,12/6/24
Luke Kornet,12/4/24
Luke Kornet,12/2/24
Payton Pritchard,12/1/24
Payton Pritchard,11/29/24
Neemias Queta,11/25/24
Derrick White,11/24/24
Luke Kornet,11/22/24
Al Horford,11/19/24
Al Horford,11/16/24
Payton Pritchard,11/13/24
Derrick White,11/12/24
Derrick White,11/10/24
Payton Pritchard,11/8/24
Neemias Queta,11/6/24
Al Horford,11/4/24
Luke Kornet,11/2/24
Jayson Tatum,11/1/24
Neemias Queta,10/30/24
Payton Pritchard,10/28/24
Derrick White,10/26/24
Neemias Queta,10/24/24
Jayson Tatum,10/22/24
Payton Pritchard,4/12/24
Payton Pritchard,4/11/24
Jaylen Brown,4/9/24
Payton Pritchard,4/5/24
Kristaps Porzingis,4/3/24
Derrick White,4/1/24
Kristaps Porzingis,3/30/24
Jayson Tatum,3/28/24
Jayson Tatum,3/25/24
Luke Kornet,3/23/24
Derrick White,3/22/24
Payton Pritchard,3/20/24
Derrick White,3/18/24
Sam Hauser,3/17/24
Al Horford,3/14/24
Luke Kornet,3/12/24
Payton Pritchard,3/11/24
Luke Kornet,3/9/24
Jaylen Brown,3/7/24
Derrick White,3/5/24
Jaylen Brown,3/3/24
Xavier Tillman,3/1/24
Derrick White,2/27/24
Jaylen Brown,2/24/24
Derrick White,2/22/24
Luke Kornet,2/14/24
Jrue Holiday,2/13/24
Jayson Tatum,2/11/24
Kristaps Porzingis,2/9/24
Al Horford,2/7/24
Kristaps Porzingis,2/4/24
Jayson Tatum,2/1/24
Neemias Queta,1/30/24
Jrue Holiday,1/29/24
Luke Kornet,1/27/24
Jaylen Brown,1/25/24
Jaylen Brown,1/22/24
Derrick White,1/21/24
Al Horford,1/19/24
Payton Pritchard,1/17/24
Jaylen Brown,1/13/24
Payton Pritchard,1/11/24
Jaylen Brown,1/10/24
Jaylen Brown,1/8/24
Al Horford,1/6/24
Jrue Holiday,1/5/24
Kristaps Porzingis,1/2/24
Jayson Tatum,12/31/23
Luke Kornet,12/29/23
Derrick White,12/28/23
Jrue Holiday,12/25/23
Neemias Queta,12/23/23
Jrue Holiday,12/20/23
Derrick White,12/19/23
Kristaps Porzingis,12/17/23
Payton Pritchard,12/15/23
Al Horford,12/14/23
Payton Pritchard,12/12/23
Derrick White,12/8/23
Jayson Tatum,12/4/23
Al Horford,12/1/23
Al Horford,11/28/23
Neemias Queta,11/26/23
Jayson Tatum,11/24/23
Al Horford,11/22/23
Payton Pritchard,11/20/23
Kristaps Porzingis,11/19/23
Kristaps Porzingis,11/17/23
Al Horford,11/15/23
Kristaps Porzingis,11/13/23
Jaylen Brown,11/11/23
Jrue Holiday,11/10/23
Jrue Holiday,11/8/23
Jaylen Brown,11/6/23
Luke Kornet,11/4/23
Payton Pritchard,11/1/23
Kristaps Porzingis,10/30/23
Derrick White,10/27/23
Kristaps Porzingis,10/25/23
Payton Pritchard,4/9/23
Payton Pritchard,4/7/23
Jaylen Brown,4/5/23
Derrick White,4/4/23
Blake Griffin,3/31/23
Robert Williams,3/30/23
Marcus Smart,3/28/23
Malcolm Brogdon,3/26/23
Robert Williams,3/24/23
Derrick White,3/21/23
Malcolm Brogdon,3/18/23
Blake Griffin,3/17/23
Blake Griffin,3/15/23
Malcolm Brogdon,3/13/23
Blake Griffin,3/11/23
Al Horford,3/8/23
Jaylen Brown,3/6/23
Al Horford,3/5/23
Jaylen Brown,3/3/23
Al Horford,3/1/23
Malcolm Brogdon,2/27/23
Derrick White,2/25/23
Jaylen Brown,2/23/23
Marcus Smart,2/15/23
Blake Griffin,2/14/23
Payton Pritchard,2/12/23
Derrick White,2/10/23
Luke Kornet,2/8/23
Robert Williams,2/6/23
Derrick White,2/3/23
Robert Williams,2/1/23
Jaylen Brown,1/28/23
Robert Williams,1/26/23
Payton Pritchard,1/24/23
Sam Hauser,1/23/23
Payton Pritchard,1/21/23
Al Horford,1/19/23
Derrick White,1/16/23
Malcolm Brogdon,1/14/23
Luke Kornet,1/12/23
Malcolm Brogdon,1/11/23
Grant Williams,1/9/23
Robert Williams,1/7/23
Grant Williams,1/5/23
Payton Pritchard,1/3/23
Al Horford,1/1/23
Marcus Smart,12/29/22
Robert Williams,12/27/22
Derrick White,12/25/22
Marcus Smart,12/23/22
Robert Williams,12/21/22
Jaylen Brown,12/18/22
Robert Williams,12/16/22
Marcus Smart,12/13/22
Malcolm Brogdon,12/12/22
Jaylen Brown,12/10/22
Grant Williams,12/7/22
Marcus Smart,12/5/22
Malcolm Brogdon,12/4/22
Grant Williams,12/2/22
Jayson Tatum,11/30/22
Luke Kornet,11/28/22
Malcolm Brogdon,11/27/22
Payton Pritchard,11/25/22
Marcus Smart,11/23/22
Jaylen Brown,11/21/22
Al Horford,11/18/22
Sam Hauser,11/16/22
Marcus Smart,11/14/22
Payton Pritchard,11/12/22
Luke Kornet,11/11/22
Sam Hauser,11/9/22
Marcus Smart,11/7/22
Marcus Smart,11/5/22
Malcolm Brogdon,11/4/22
Al Horford,11/2/22
Malcolm Brogdon,10/30/22
Jaylen Brown,10/28/22
Marcus Smart,10/24/22
Derrick White,10/22/22
Jaylen Brown,10/21/22
Malcolm Brogdon,10/18/22
Payton Pritchard,4/10/22
Jaylen Brown,4/7/22
Al Horford,4/6/22
Grant WIlliams,4/3/22
Marcus Smart,4/1/22
Daniel Theis,3/30/22
Marcus Smart,3/28/22
Payton Pritchard,3/27/22
Robert Williams,3/23/22
Grant WIlliams,3/21/22
Jayson Tatum,3/20/22
Jaylen Brown,3/18/22
Marcus Smart,3/16/22
Al Horford,3/13/22
Marcus Smart,3/11/22
Derrick White,3/9/22
Jayson Tatum,3/6/22
Al Horford,3/3/22
Derrick White,3/1/22
Payton Pritchard,2/27/22
Grant WIlliams,2/26/22
Al Horford,2/24/22
Grant WIlliams,2/16/22
Jayson Tatum,2/15/22
Derrick White,2/13/22
Robert Williams,2/11/22
Jaylen Brown,2/8/22
Al Horford,2/6/22
Dennis Schroder,2/4/22
Jaylen Brown,2/2/22
Grant WIlliams,1/31/22
Robert Williams,1/29/22
Marcus Smart,1/28/22
Robert Williams,1/25/22
Jayson Tatum,1/23/22
Romeo Langford,1/21/22
Dennis Schroder,1/19/22
Jaylen Brown,1/17/22
Robert Williams,1/15/22
Payton Pritchard,1/14/22
Jayson Tatum,1/12/22
Robert Williams,1/10/22
Jaylen Brown,1/8/22
Robert Williams,1/6/22
Marcus Smart,1/5/22
Jaylen Brown,1/2/22
Grant WIlliams,12/31/21
Jaylen Brown,12/29/21
Payton Pritchard,12/27/21
Robert Williams,12/22/21
Payton Pritchard,12/20/21
Josh Richardson,12/18/21
Marcus Smart,12/17/21
Al Horford,12/13/21
Jayson Tatum,12/10/21
Marcus Smart,12/8/21
Robert Williams,12/7/21
Enes Freedom,12/4/21
Marcus Smart,12/3/21
Jayson Tatum,12/1/21
Jayson Tatum,11/28/21
Grant WIlliams,11/26/21
Marcus Smart,11/24/21
Jaylen Brown,11/22/21
Dennis Schroder,11/20/21
Marcus Smart,11/19/21
Grant Williams,11/17/21
Grant Williams,11/15/21
Robert Williams,11/13/21
Marcus Smart,11/12/21
Jayson Tatum,11/6/21
Aaron Nesmith,11/4/21
Robert Williams,11/3/21
Marcus Smart,11/1/21
Al Horford,10/30/21
Al Horford,10/27/21
Robert Williams,10/25/21
Grant Williams,10/24/21
Josh Richardson,10/22/21
Jaylen Brown,10/20/21
Tremont Waters,5/16/21
Luke Kornet,5/15/21
Payton Pritchard,5/12/21
Kemba Walker,5/11/21
Aaron Nesmith,5/9/21
Evan Fournier,5/7/21
Payton Pritchard,5/5/21
Aaron Nesmith,5/2/21
Aaron Nesmith,4/30/21
Aaron Nesmith,4/28/21
Payton Pritchard,4/27/21
Marcus Smart,4/25/21
Payton Pritchard,4/23/21
Tristan Thompson,4/22/21
Payton Pritchard,4/19/21
Jabari Parker,4/17/21
Marcus Smart,4/15/21
Kemba Walker,4/13/21
Marcus Smart,4/11/21
Marcus Smart,4/9/21
Tristan Thompson,4/7/21
Tacko Fall,4/6/21
Marcus Smart,4/4/21
Robert Williams,4/2/21
Jaylen Brown,3/31/21
Kemba Walker,3/29/21
Payton Pritchard,3/27/21
Robert Williams,3/26/21
Kemba Walker,3/24/21
Jeff Teague,3/22/21
Jayson Tatum,3/21/21
Payton Pritchard,3/19/21
Robert Williams,3/17/21
Jayson Tatum,3/16/21
Robert Williams,3/14/21
Daniel Theis,3/11/21
Grant Williams,3/4/21
Robert Williams,3/2/21
Daniel Theis,2/28/21
Kemba Walker,2/26/21
Jeff Teague,2/24/21
Kemba Walker,2/23/21
Robert Williams,2/21/21
Robert Williams,2/19/21
Aaron Nesmith,2/17/21
Jaylen Brown,2/16/21
Kemba Walker,2/14/21
Daniel Theis,2/12/21
Semi Ojeleye,2/11/21
Daniel Theis,2/9/21
Payton Pritchard,2/7/21
Carsen Edwards,2/5/21
Tristan Thompson,2/3/21
Grant Williams,2/2/21
Daniel Theis,1/30/21
Robert Williams,1/27/21
Daniel Theis,1/25/21
Marcus Smart,1/24/21
Jaylen Brown,1/22/21
Marcus Smart,1/20/21
Jaylen Brown,1/17/21
Semi Ojeleye,1/15/21
Tacko Fall,1/8/21
Jayson Tatum,1/6/21
Payton Pritchard,1/4/21
Semi Ojeleye,1/3/21
Marcus Smart,1/1/21
Robert Williams,12/30/20
Payton Pritchard,12/29/20
Payton Pritchard,12/27/20
Tristan Thompson,12/25/20
Jaylen Brown,12/23/20
Semi Ojeleye,8/13/20
Robert Williams,8/11/20
Gordon Hayward,8/9/20
Daniel Theis,8/7/20
Romeo Langford,8/5/20
Jaylen Brown,8/4/20
Jayson Tatum,8/2/20
Marcus Smart,7/31/20
Gordon Hayward,3/10/20
Gordon Hayward,3/8/20
Marcus Smart,3/6/20
Semi Ojeleye,3/4/20
Kemba Walker,3/3/20
Marcus Smart,2/29/20
Marcus Smart,2/26/20
Jayson Tatum,2/25/20
Jayson Tatum,2/23/20
Daniel Theis,2/21/20
Marcus Smart,2/13/20
Gordon Hayward,2/11/20
Daniel Theis,2/9/20
Romeo Langford,2/7/20
Jayson Tatum,2/5/20
Grant Williams,2/3/20
Brad Wanamaker,2/1/20
Gordon Hayward,1/30/20
Gordon Hayward,1/28/20
Kemba Walker,1/26/20
Grant Williams,1/24/20
Daniel Theis,1/22/20
Enes Freedom,1/20/20
Marcus Smart,1/18/20
Kemba Walker,1/16/20
Jaylen Brown,1/15/20
Marcus Smart,1/13/20
Enes Freedom,1/11/20
Marcus Smart,1/9/20
Marcus Smart,1/8/20
Grant Williams,1/6/20
Jayson Tatum,1/4/20
Daniel Theis,1/3/20
Enes Freedom,12/31/19
Kemba Walker,12/28/19
Jayson Tatum,12/27/19
Jaylen Brown,12/25/19
Jayson Tatum,12/22/19
Jayson Tatum,12/20/19
Kemba Walker,12/18/19
Enes Freedom,12/12/19
Kemba Walker,12/11/19
Kemba Walker,12/9/19
Jayson Tatum,12/6/19
Jaylen Brown,12/4/19
Enes Freedom,12/1/19
Marcus Smart,11/29/19
Kemba Walker,11/27/19
Marcus Smart,11/25/19
Brad Wanamaker,11/22/19
Jayson Tatum,11/20/19
Jayson Tatum,11/18/19
Daniel Theis,11/17/19
Jayson Tatum,11/15/19
Enes Freedom,11/13/19
Kemba Walker,11/11/19
Jaylen Brown,11/9/19
Gordon Hayward,11/7/19
Gordon Hayward,11/5/19
Jayson Tatum,11/1/19
Marcus Smart,10/30/19
Tacko Fall,10/26/19
Jaylen Brown,10/25/19
Gordon Hayward,10/23/19
Brad Wannamaker,4/9/19
Daniel Theis,4/7/19
Gordon Hayward,4/5/19
Gordon Hayward,4/3/19
Al Horford,4/1/19
Daniel Theis,3/30/19
Kyrie Irving,3/29/19
Marcus Smart,3/26/19
Daniel Theis,3/24/19
Jaylen Brown,3/23/19
Terry Rozier,3/20/19
Kyrie Irving,3/18/19
Marcus Smart,3/16/19
Kyrie Irving,3/14/19
Jaylen Brown,3/11/19
Kyrie Irving,3/9/19
Al Horford,3/6/19
Gordon Hayward,3/5/19
Al Horford,3/3/19
Daniel Theis,3/1/19
Jaylen Brown,2/27/19
Marcus Morris,2/26/19
Kyrie Irving,2/23/19
Al Horford,2/21/19
Semi Ojeleye,2/13/19
Marcus Morris,2/12/19
Terry Rozier,2/7/19
Gordon Hayward,2/5/19
Kyrie Irving,2/3/19
Al Horford,2/1/19
Jaylen Brown,1/30/19
Jaylen Brown,1/28/19
Kyrie Irving,1/26/19
Jaylen Brown,1/23/19
Kyrie Irving,1/21/19
Jayson Tatum,1/19/19
Kyrie Irving,1/18/19
Kyrie Irving,1/16/19
Jaylen Brown,1/14/19
Kyrie Irving,1/12/19
Marcus Smart,1/10/19
Jaylen Brown,1/9/19
Daniel Theis,1/7/19
Marcus Smart,1/4/19
Gordon Hayward,1/2/19
Jaylen Brown,12/31/18
Kyrie Irving,12/29/18
Kyrie Irving,12/27/18
Jayson Tatum,12/25/18
Kyrie Irving,12/23/18
Jaylen Brown,12/21/18
Kyrie Irving,12/19/18
Marcus Smart,12/15/18
Marcus Morris,12/14/18
Marcus Smart,12/12/18
Marcus Morris,12/10/18
Daniel Theis,12/8/18
Jaylen Brown,12/6/18
Gordon Hayward,12/1/18
Marcus Smart,11/30/18
Marcus Morris,11/26/18
Jayson Tatum,11/24/18
Aron Baynes,11/23/18
Gordon Hayward,11/21/18
Jayson Tatum,11/19/18
Guerschon Yabusele,11/17/18
Kyrie Irving,11/16/18
Kyrie Irving,11/14/18
Jayson Tatum,11/11/18
Marcus Smart,11/9/18
Kyrie Irving,11/8/18
Kyrie Irving,11/5/18
Kyrie Irving,11/3/18
Kyrie Irving,11/1/18
Kyrie Irving,10/30/18
Daniel Theis,10/27/18
Marcus Morris,10/25/18
Kyrie Irving,10/22/18
Marcus Morris,10/20/18
Kyrie Irving,10/19/18
Marcus Morris,10/16/18
Aron Baynes,4/11/18
Jaylen Brown,4/10/18
Jayson Tatum,4/8/18
Jaylen Brown,4/6/18
Greg Monroe,4/4/18
Jaylen Brown,4/3/18
Marcus Morris,3/31/18
Jaylen Brown,3/28/18
Jayson Tatum,3/26/18
Terry Rozier,3/25/18
Marcus Morris,3/23/18
Jayson Tatum,3/20/18
Jayson Tatum,3/18/18
Greg Monroe,3/16/18
Marcus Morris,3/14/18
Marcus Smart,3/11/18
Marcus Morris,3/8/18
Shane Larkin,3/5/18
Marcus Morris,3/3/18
Kyrie Irving,2/28/18
Kyrie Irving,2/26/18
Kyrie Irving,2/24/18
Daniel Theis,2/23/18
Kyrie Irving,2/14/18
Kyrie Irving,2/9/18
Jaylen Brown,2/8/18
Terry Rozier,2/6/18
Al Horford,2/4/18
Jayson Tatum,2/2/18
Terry Rozier,1/31/18
Daniel Theis,1/29/18
Kyrie Irving,1/27/18
Terry Rozier,1/24/18
Kyrie Irving,1/23/18
Kyrie Irving,1/21/18
Marcus Morris,1/18/18
Jaylen Brown,1/16/18
Jayson Tatum,1/11/18
Daniel Theis,1/6/18
Terry Rozier,1/5/18
Kyrie Irving,1/3/18
Marcus Morris,12/31/17
Marcus Smart,12/28/17
Jayson Tatum,12/27/17
Jayson Tatum,12/25/17
Jaylen Brown,12/23/17
Kyrie Irving,12/21/17
Marcus Smart,12/20/17
Terry Rozier,12/18/17
Jayson Tatum,12/16/17
Shane Larkin,12/15/17
Shane Larkin,12/13/17
Aron Baynes,12/11/17
Al Horford,12/10/17
Kyrie Irving,12/8/17
Shane Larkin,12/6/17
Kyrie Irving,12/4/17
Marcus Morris,12/2/17
Kyrie Irving,11/30/17
Marcus Smart,11/27/17
Marcus Smart,11/25/17
Kyrie Irving,11/24/17
Jayson Tatum,11/22/17
Kyrie Irving,11/20/17
Marcus Morris,11/18/17
Jaylen Brown,11/16/17
Marcus Morris,11/14/17
Al Horford,11/12/17
Shane Larkin,11/10/17
Kyrie Irving,11/6/17
Jaylen Brown,11/5/17
Kyrie Irving,11/3/17
Jaylen Brown,11/1/17
Kyrie Irving,10/30/17
Jayson Tatum,10/28/17
Al Horford,10/26/17
Al Horford,10/24/17
Shane Larkin,10/20/17
Terry Rozier,10/18/17
Jaylen Brown,10/17/17
Gerald Green,4/12/17
Isaiah Thomas,4/10/17
Isaiah Thomas,4/8/17
Marcus Smart,4/6/17
Amir Johnson,4/5/17
Marcus Smart,4/2/17
Isaiah Thomas,3/31/17
Tyler Zeller,3/29/17
Amir Johnson,3/26/17
Gerald Green,3/24/17
Kelly Olynyk,3/22/17
Avery Bradley,3/20/17
Al Horford,3/19/17
Jae Crowder,3/17/17
Al Horford,3/15/17
Marcus Smart,3/12/17
Al Horford,3/10/17
Kelly Olynyk,3/8/17
Marcus Smart,3/6/17
Terry Rozier,3/5/17
Amir Johnson,3/3/17
Avery Bradley,3/1/17
Jaylen Brown,2/27/17
Jaylen Brown,2/26/17
Jaylen Brown,2/24/17
Marcus Smart,2/15/17
Marcus Smart,2/13/17
Gerald Green,2/11/17
Marcus Smart,2/9/17
Amir Johnson,2/8/17
Isaiah Thomas,2/3/17
Marcus Smart,2/1/17
Isaiah Thomas,1/30/17
Jae Crowder,1/28/17
Jaylen Brown,1/27/17
Jae Crowder,1/25/17
Al Horford,1/24/17
Terry Rozier,1/21/17
Jae Crowder,1/18/17
Isaiah Thomas,1/16/17
Kelly Olynyk,1/13/17
Isaiah Thomas,1/11/17
Gerald Green,1/10/17
Marcus Smart,1/7/17
Al Horford,1/6/17
Jae Crowder,1/3/17
Isaiah Thomas,12/30/16
Jonas Jerebko,12/29/16
Gerald Green,12/27/16
Marcus Smart,12/25/16
Isaiah Thomas,12/23/16
Jae Crowder,12/22/16
Isaiah Thomas,12/20/16
Al Horford,12/18/16
Isaiah Thomas,12/16/16
Avery Bradley,12/14/16
Marcus Smart,12/11/16
Avery Bradley,12/9/16
Jaylen Brown,12/7/16
Terry Rozier,12/7/16
Marcus Smart,12/5/16
Isaiah Thomas,12/3/16
Al Horford,12/2/16
Kelly Olynyk,11/30/16
Kelly Olynyk,11/28/16
Marcus Smart,11/25/16
Jonas Jerebko,11/23/16
Terry Rozier,11/21/16
Al Horford,11/19/16
Avery Bradley,11/18/16
Isaiah Thomas,11/16/16
Marcus Smart,11/14/16
James Young,11/12/16
Isaiah Thomas,11/11/16
Marcus Smart,11/9/16
Isaiah Thomas,11/6/16
Jaylen Brown,11/3/16
Amir Johnson,11/2/16
Avery Bradley,10/29/16
Tyler Zeller,10/27/16
Jae Crowder,10/26/16